Title,Authors,KU_Availability
Gods of Jade and Shadow,Silvia Moreno-Garcia,Not Available
Barbarian's Heart,Ruby Dixon,Available
The Dragon and the Pearl,Jeannie Lin,Available
Kings of the Wyld,Nicholas Eames,Not Available
Bonded to the Beast,Sarah Spade,Available
The Winter Ghosts,Kate Mosse,Not Available
Witch King,Martha Wells,Not Available
"The Myth of Normal: Trauma, Illness, and Healing in a Toxic Culture",Gabor Maté,Not Available
The Red Tent,Anita Diamant,Available
Masters of Death,Olivie Blake,Not Available
Dark Horse,Michelle Diener,Available
Pure Color,Sheila Heti,Not Available
Wyrd Sisters: The Play,Terry Pratchett,Not Available
The Poppy War,R.F. Kuang,Not Available
The Boatman's Daughter,Andy Davidson,Available
I Am Legend,Richard Matheson,Available
Romancing Rem'eb,Ruby Dixon,Available
Angels Before Man,Rafael Nicolás,Not Available
A Fellowship of Librarians & Dragons,J. Penner,Available
You Had Me At Hello,Mhairi McFarlane,Not Available
Feed Them Silence,Lee Mandelo,Not Available
Slewfoot: A Tale of Bewitchery,Brom,Available
The Bluest Eye,Toni Morrison,Not Available
Throne in the Dark,A.K. Caggiano,Not Available
Children of Time,Adrian Tchaikovsky,Not Available
Thrum,Meg Smitherman,Available
Six Scorched Roses,Carissa Broadbent,Available
The Mountain's Mate,Sara Ivy Hill,Available
Between Two Fires,Christopher Buehlman,Not Available
A Month in the Country,J.L. Carr,Not Available
Alien Protector's Mate,Melissa Emerald,Available
The Stars Undying,Emery Robin,Available
We'll Prescribe You a Cat,Syou Ishida,Not Available
Elder Race,Adrian Tchaikovsky,Available
Toxic Medication : Volume I,Danielle Stoian,Available
The Candles Are Burning,Veronica G. Henry,Available
The Reddening,Adam L.G. Nevill,Not Available
How to Be an Antiracist,Ibram X. Kendi,Not Available
Velocity Weapon,Megan E. O'Keefe,Available
How to Become the Dark Lord and Die Trying,Django Wexler,Not Available
Ready or Not,Cara Bastone,Not Available
In the Care of Magic,Robin Jo Margaret,Available
The Sleeping Soldier,Aster Glenn Gray,Available
The Lion Women of Tehran,Marjan Kamali,Not Available
Deceived by the Gargoyles,Lillian Lark,Available
The Valkyrie's Daughter,Tiana Warner,Available
Any Duke in a Storm,Amalie Howard,Not Available
A Spindle Splintered,Alix E. Harrow,Available
Calamity,Rachel Ní Chuirc,Available
Lovelight Farms,B.K. Borison,Not Available
Black Bridge: Book 1,Joe O'Hagan,Available
Dungeon Crawler Carl,Matt Dinniman,Available
Unsouled,Will Wight,Available
Blood Orange,Karina Halle,Available
That Kind of Guy,Talia Hibbert,Not Available
The Sunlit Man,Brandon Sanderson,Not Available
Untitled Mead Mishaps,Kimberly Lemming,Available
Lore of the Wilds,Analeigh Sbrana,Not Available
Flowers from the Storm,Laura Kinsale,Not Available
Red Rising,Pierce Brown,Not Available
Sea Change,Gina Chung,Not Available
Fate of the Sun King,Nisha J. Tuli,Not Available
Gild,Raven Kennedy,Available
The Anatomy of Genres: How Story Forms Explain the Way the World Works,John Truby,Not Available
System Collapse,Martha Wells,Not Available
Squeak,Vera Valentine,Available
Off the Hook,Julie Olivia,Available
Love in the Time of Serial Killers,Alicia Thompson,Not Available
Good Omens,"Neil Gaiman, Terry Pratchett",Not Available
The Last Watch,J.S. Dewes,Not Available
Hell of a Bargain,B.P. Gilmore,Available
A Wizard of Earthsea,Ursula K. Le Guin,Available
The Long Ships,Frans G. Bengtsson,Not Available
La Ciguapa: A Dominican Horror Folklore,Luna K. Wicked,Available
Desire in His Blood,Zoey Draven,Available
The Blighted Stars,Megan E. O'Keefe,Not Available
Flawless,Elsie Silver,Available
"You, with a View",Jessica Joyce,Not Available
Cloud Atlas,David Mitchell,Not Available
A Dark and Drowning Tide,Allison Saft,Not Available
The Candid Life of Meena Dave,Namrata Patel,Available
Wool,Hugh Howey,Available
Maggie's Grave,David Sodergren,Available
Noor,Nnedi Okorafor,Not Available
Just a Girl,Alyssa Cole,Available
A Kingdom of Dreams,Judith McNaught,Not Available
What Should Be Wild,Julia Fine,Available
The Guest,Emma Cline,Not Available
When Stars Have Teeth,Dani Trujillo,Not Available
The Poverty Industry: The Exploitation of America's Most Vulnerable Citizens,Daniel L. Hatcher,Available
Her Alien Prince,Presley Hall,Available
The Serpent and the Wings of Night,Carissa Broadbent,Available
When Among Crows,Veronica Roth,Not Available
Who Wrote the Bible?,Richard Elliott Friedman,Not Available
A Fate of Wrath & Flame,K.A. Tucker,Not Available
Bewitched,Laura Thalassa,Available
Daindreth's Assassin,Elisabeth Wheatley,Not Available
The Ornithologist's Field Guide to Love,India Holton,Not Available
What Moves the Dead,T. Kingfisher,Not Available
The Gentleman's Guide to Vice and Virtue,Mackenzi Lee,Available
The Darkening,Sunya Mara,Not Available
A Duet with the Siren Duke,Elise Kova,Available
A Lady by Midnight,Tessa Dare,Not Available
Tender Is the Flesh,Agustina Bazterrica,Not Available
"How to Do the Work: Recognize Your Patterns, Heal from Your Past, and Create Your Self",Nicole LePera,Available
Morbidly Yours,Ivy Fairbanks,Not Available
All Boys Aren't Blue,George M. Johnson,Available
Don Quixote,Miguel de Cervantes,Not Available
Wandering Stars,Tommy Orange,Not Available
First Creation,mars adler,Available
The Mistletoe Motive,Chloe Liese,I am a muppet
We Hunt the Flame,Hafsah Faizal,Available
One Dark Window,Rachel Gillig,I am a muppet
A River Enchanted,Rebecca Ross,Not Available
Surviving Autocracy,Masha Gessen,I am a muppet
Shadow and Bone,Leigh Bardugo,I am a muppet
The Bride of Lycaster,Perci Jay,I am a muppet
The Enchanted Hacienda,J.C. Cervantes,I am a muppet
Dragon's Bait,Vivian Vande Velde,I am a muppet
The Painted Veil,W. Somerset Maugham,I am a muppet
Love and Other Scandals,Caroline Linden,I am a muppet
The Fifth Season,N.K. Jemisin,I am a muppet
The Once and Future King,T.H. White,I am a muppet
Just Stab Me Now,Jill Bearup,I am a muppet
The Soulmate Equation,Christina Lauren,I am a muppet
The Dreaming Forest,L.B. Black,I am a muppet
Viciously Yours,Jamie Applegate Hunter,I am a muppet
The Deep Sky,Yume Kitasei,I am a muppet
Bringing Down the Duke,Evie Dunmore,I am a muppet
Mickey Chambers Shakes It Up,Charish Reid,I am a muppet
A Study in Drowning,Ava Reid,I am a muppet
The Posthumous Memoirs of Brás Cubas,Machado de Assis,Not Available
A Memory Called Empire,Arkady Martine,Available
The Ballad of the Borag-I,A.P. Beswick,Not Available
The City of Brass,S.A. Chakraborty,Not Available
The Space Between Worlds,Micaiah Johnson,Not Available
Tastes Like Shakkar,Nisha Sharma,Not Available
The Martian Chronicles,Ray Bradbury,I am a muppet
"The Will to Change: Men, Masculinity, and Love",bell hooks,Not Available
The First Sister,Linden A. Lewis,I am a muppet
Annie Bot,Sierra Greer,I am a muppet
Red Rabbit,Alex Grecian,I am a muppet
The Unmaking of June Farrow,Adrienne Young,Not Available
Unmasking Autism: Discovering the New Faces of Neurodiversity,Devon Price,I am a muppet
Folk,Zoe Gilbert,I am a muppet
The Bride Bet,Tessa Dare,I am a muppet
Thornhedge,T. Kingfisher,I am a muppet
Godkiller,Hannah Kaner,I am a muppet
Hunt on Dark Waters,Katee Robert,Not Available
Dark Rise,C.S. Pacat,Not Available
"The Scandalous Confessions of Lydia Bennet, Witch",Melinda Taub,I am a muppet
The Mountain Crown,Karin Lowachee,Not Available
Ink Blood Sister Scribe,Emma Törzs,Available
The God and the Gumiho,Sophie Kim,Not Available
Divine Rivals,Rebecca Ross,Available
Ensnared,Tiffany Roberts,Available
Wolf Gone Wild,Juliette Cross,Available
A Hero Born,Jin Yong,Available
Pizza Girl,Jean Kyoung Frazier,Not Available
Ten Thousand Stitches,Olivia Atwater,Not Available
A Thousand Ships,Natalie Haynes,Available
Ghost Walk,Cassandra Gannon,Available
Mrs. Caliban,Rachel Ingalls,Available
Graceling,Kristin Cashore,Available
The Terraformers,Annalee Newitz,Not Available
"Freedom Is a Constant Struggle: Ferguson, Palestine, and the Foundations of a Movement",Angela Y. Davis,Available
Ean,Becca Saylor,Available
Ancillary Justice,Ann Leckie,Not Available
Howl's Moving Castle,Diana Wynne Jones,Available
Asiri and the Amaru,Natalia Hernandez,Available
Sleye,Ava Ross,Available
The Female,Invi Wright,Available
Here's Looking at You,Mhairi McFarlane,Not Available
The Martian,Andy Weir,Not Available
The New Jim Crow: Mass Incarceration in the Age of Colorblindness,Michelle Alexander,Not Available
Babel,R.F. Kuang,Not Available
I Accidentally Summoned a Demon Boyfriend,Jessica Cage,Available
A Soul to Guide,Opal Reyne,Available
Nine Tailed,Jayci Lee,Available
The Practice: Shipping Creative Work,Seth Godin,Not Available
Night's Edge,Liz Kerin,Available
Riot Baby,Tochi Onyebuchi,Not Available
The Fall of Bradley Reed,Morgan Elizabeth,Available
Long Live Evil,Sarah Rees Brennan,Not Available
Defiant,Brandon Sanderson,Not Available
A Master of Djinn,P. Djèlí Clark,Not Available
There Arose Such A Clatter: Tales From The Naughty List,C.M. Nascosta,Available
The Fiction Between Us,Julie Olivia,Available
Ghost Wall,Sarah Moss,Not Available
The Winter King,C.L. Wilson,Not Available
When the Moon Hatched,Sarah A. Parker,Not Available
Kushiel's Dart,Jacqueline Carey,Not Available
The Visit,Chimamanda Ngozi Adichie,Available
Flowerheart,Catherine Bakewell,Available
The Ruin of Kings,Jenn Lyons,Not Available
Blood Over Bright Haven,M.L. Wang,Not Available
A Frost of Fear and Fortitude,A.P. Beswick,Not Available
We Are Legion,Dennis E. Taylor,Available
Caste: The Origins of Our Discontents,Isabel Wilkerson,Not Available
The Bright Sword,Lev Grossman,Not Available
Dark City Omega,Elizabeth Stephens,Available
The Fake Mate,Lana Ferguson,Not Available
The Loney,Andrew Michael Hurley,Not Available
Do Androids Dream of Electric Sheep?,Philip K. Dick,Not Available
Cultish: The Language of Fanaticism,Amanda Montell,Available
The Ghost Cat,Alex Howard,Available
Only and Forever,Chloe Liese,Not Available
The Helm of Midnight,Marina J. Lostetter,Not Available
Graveyard Shift,M.L. Rio,Not Available
The Bog Wife,Kay Chronister,Not Available
The Cruel Prince,Holly Black,Not Available
A People's History of the United States,Howard Zinn,Available
The Will of the Many,James Islington,Not Available
Spared By The Monster,Merry Ravenell,Available
Guarded Treasure,Mae Lovette,Available
Jade City,Fonda Lee,Available
Little Fire,Hollee Mands,Available
The Four Leaf,Lee Jacquot,Available
Penance,Eliza Clark,Not Available
Ace of Spades,Faridah Àbíké-Íyímídé,Not Available
Autopsy of a Fairytale,Nicole Scarano,Available
Rejar,Dara Joy,Available
Wylding Hall,Elizabeth Hand,Available
Earthlings,Sayaka Murata,Not Available
Stormfire,Christine Monson,Not Available
A Good Indian Girl,Mansi Shah,Not Available
The Fine Print,Lauren Asher,Available
The Brothers Karamazov,Fyodor Dostoevsky,Available
The Honey Witch,Sydney J. Shields,Not Available
Pine,Francine Toon,Not Available
Shadow of the Fox,Julie Kagawa,Not Available
The Lost Cause,Cory Doctorow,Not Available
Sold,Patricia McCormick,Not Available
The Umbra King,Jamie Applegate Hunter,Available
Destroyer,Meg Smitherman,Available
Vita Nostra,"Sergey Dyachenko, Marina Dyachenko",Not Available
A Broken Blade,Melissa Blair,Not Available
Leviathan Wakes,James S.A. Corey,Not Available
House of Frank,Kay Synclaire,Not Available
Glorious Exploits,Ferdia Lennon,Available
The Storm We Made,Vanessa Chan,Not Available
Open Throat,Henry Hoke,Not Available
Devil in Winter,Lisa Kleypas,Not Available
Heart of the Fae,Emma Hamm,Available
Something in the Woodshed,M.A. Knights,Available
The Salt Grows Heavy,Cassandra Khaw,Not Available
Married to a Pirate,Athena Rose,Available
Sistersong,Lucy Holland,Not Available
Mother Country,Etaf Rum,Available
Anchored: How to Befriend Your Nervous System Using Polyvagal Theory,Deb Dana,Available
Waking Up with the Duke,Lorraine Heath,Not Available
Elantris,Brandon Sanderson,Not Available
Ashes of the Sun,Django Wexler,Not Available
The Duke Who Knew Too Much,Grace Callaway,Not Available
Man Made Language,Dale Spender,Not Available
Hollow Kingdom,Kira Jane Buxton,Not Available
The Moonfire Bride,Sylvia Mercedes,Available
King Arthur and His Knights of the Round Table,Roger Lancelyn Green,Not Available
Swift and Saddled,Lyla Sage,Not Available
The Princess Bride,William Goldman,Available
Behold Her,Emily Antoinette,Available
Convergence of Desire,Felicity Niven,Available
Who Fears Death,Nnedi Okorafor,Not Available
Reign & Ruin,J.D. Evans,Available
The Berry Pickers,Amanda Peters,Not Available
The City in the Middle of the Night,Charlie Jane Anders,Not Available
City of Saints and Madmen,Jeff VanderMeer,Not Available
Bad Cree,Jessica Johns,Not Available
Arch-Conspirator,Veronica Roth,Not Available
Seduced by the Pumpkin King,Melanie Nyx,Not Available
The Tainted Cup,Robert Jackson Bennett,Not Available
Interview with the Vampire,Anne Rice,Not Available
Tailor Troubles,Monroe A. Wildrose,Not Available
The Christmas Guest,Peter Swanson,Not Available
Summer Frost,Blake Crouch,Available
My Sweet Folly,Laura Kinsale,Available
Notes on Grief,Chimamanda Ngozi Adichie,Not Available
The Ministry of Time,Kaliane Bradley,Not Available
Curated,Nellie Wilson,Not Available
The Hacienda,Isabel Cañas,Not Available
The Rape of Nanking,Iris Chang,Not Available
A Witch's Guide to Magical Innkeeping,Sangu Mandanna,Not Available
Vera Wong's Unsolicited Advice for Murderers,Jesse Q. Sutanto,Not Available
Harry Potter and the Chamber of Secrets,J.K. Rowling,Available
And Then I Woke Up,Malcolm Devlin,Not Available
The Priory of the Orange Tree,Samantha Shannon,Not Available
"Deep as the Sky, Red as the Sea",Rita Chang-Eppig,Not Available
The Shadow of the Gods,John Gwynne,Not Available
The Spear Cuts Through Water,Simon Jimenez,Not Available
Flatland: A Romance of Many Dimensions,Edwin A. Abbott,Not Available
The Hitchhiker's Guide to the Galaxy,Douglas Adams,Not Available
The Cabinet,Un-su Kim,Not Available
Piranesi,Susanna Clarke,Not Available
The Crown of Gilded Bones,Jennifer L. Armentrout,Not Available
The Land of Open Graves: Living and Dying on the Migrant Trail,Jason De León,Not Available
Foundryside,Robert Jackson Bennett,Not Available
The Left Hand of Darkness,Ursula K. Le Guin,Not Available
Assassin's Apprentice,Robin Hobb,Not Available
A Certain Hunger,Chelsea G. Summers,Not Available
Where the Dark Stands Still,A.B. Poranek,Not Available
Lizards Hold the Sun,Dani Trujillo,Not Available
The Black Angels: The Untold Story of the Nurses Who Helped Cure Tuberculosis,Maria Smilios,Not Available
Even Though I Knew the End,C.L. Polk,Not Available
Parable of the Sower,Octavia E. Butler,Not Available
"Woman, Eating",Claire Kohda,Not Available
Vladimir,Julia May Jonas,Not Available
The Worst Hard Time: The Untold Story of Those Who Survived the Great American Dust Bowl,Timothy Egan,Not Available
Strong Towns: A Bottom-Up Revolution to Rebuild American Prosperity,Charles L. Marohn Jr.,Not Available
Ana María and the Fox,Liana De la Rosa,Not Available
Women Who Run with the Wolves: Myths and Stories of the Wild Woman Archetype,Clarissa Pinkola Estés,Not Available
The Lions of Al-Rassan,Guy Gavriel Kay,Not Available
Bleak Midwinter: The Darkest Night,"R.A. Busby, Mason McDonald, Damon Barret Roe, K.R. Wieland, Robyn Dabney, Cassandra L. Thompson, Trevor James Zaple, Amelia Mangan, Aliya Bree Hall, Sarah Hozumi, E.M. Linden, KB Wilson",Not Available
The Man Who Mistook His Wife for a Hat and Other Clinical Tales,Oliver Sacks,Not Available
"Under the Oak Tree: Season 1, Vol. 1",Suji Kim,Not Available
The Passing of the Dragon,Ken Liu,Not Available
Silver Under Nightfall,Rin Chupeco,Not Available
We Do This 'til We Free Us: Abolitionist Organizing and Transforming Justice,Mariame Kaba,Not Available
Lapvona,Ottessa Moshfegh,Not Available
Tehanu,Ursula K. Le Guin,Not Available
The Deeper the Water the Uglier the Fish,Katya Apekina,Not Available
A Heart of Blood and Ashes,Milla Vane,Not Available
Ithaca,Claire North,Not Available
The Internet Con: How to Seize the Means of Computation,Cory Doctorow,Not Available
A Dead Djinn in Cairo,P. Djèlí Clark,Not Available
Laziness Does Not Exist,Devon Price,Not Available
Dragonsong,Anne McCaffrey,Not Available
Fire Exit,Morgan Talty,Not Available
Draco Malfoy and the Mortifying Ordeal of Being in Love,isthisselfcare,Not Available
Artificial Wisdom,Thomas R. Weaver,Not Available
Topaz,Beverly Jenkins,Not Available
When You Had Power,Susan Kaye Quinn,Not Available
The Sorcerer of the Wildeeps,Kai Ashante Wilson,Not Available
Drowned Country,Emily Tesh,Not Available
I Who Have Never Known Men,Jacqueline Harpman,Not Available
These Burning Stars,Bethany Jacobs,Not Available
The Redemption of Althalus,"David Eddings, Leigh Eddings",Not Available
A Dangerous Invitation,Erica Monroe,Not Available
The Children of Gods and Fighting Men,Shauna Lawless,Not Available
Drinking from Graveyard Wells,Yvette Lisa Ndlovu,Not Available
The Practical Guide for Healing Developmental Trauma: Using the NeuroAffective Relational Model to Address Adverse Childhood Experiences and Resolve Complex Trauma,"Brad J. Kammer, Brad J. Kammer, Laurence Heller, Laurence Heller",Not Available
Lute,Jennifer Marie Thorne,Not Available
A Crane Among Wolves,June Hur,Available
Starling House,Alix E. Harrow,Not Available
Wed to the Alien Warlord,January Bell,Available
The Fireborne Blade,Charlotte Bond,Not Available
"The Courage To Be Disliked: How to free yourself, change your life and achieve real happiness","Ichiro Kishimi, Fumitake Koga",Not Available
All I Wanted Was to Become a Scientist But Now I've Got An Alien Boyfriend,Petra Palerno,Not Available
No Bad Parts: Healing Trauma and Restoring Wholeness with the Internal Family Systems Model,Richard C. Schwartz,Not Available
"The Heroine's Journey: For Writers, Readers, and Fans of Pop Culture",Gail Carriger,Not Available
It Didn't Start with You: How Inherited Family Trauma Shapes Who We Are and How to End the Cycle,Mark Wolynn,Not Available
With This Ring,Amanda Quick,Not Available
Accidental Saints: Finding God in All the Wrong People,Nadia Bolz-Weber,Not Available
Several People Are Typing,Calvin Kasulke,Not Available
The Past Is Red,Catherynne M. Valente,Not Available
The Last Unicorn,Peter S. Beagle,Not Available
Not Another Vampire Book,Cassandra Gannon,Available
Daughter of the Moon Goddess,Sue Lynn Tan,Not Available
Bastard's Honor,Elisabeth Wheatley,Not Available
Old Man's War,John Scalzi,Available
Just Mercy: A Story of Justice and Redemption,Bryan Stevenson,Not Available
The Bone Houses,Emily Lloyd-Jones,Not Available
Legends & Lattes,Travis Baldree,Not Available
Vampires Never Say Die,Gloria Duke,Not Available
Never Split the Difference: Negotiating as If Your Life Depended on It,Chris Voss,Available
The Land of Open Graves: Living and Dying on the Migrant Trail,Jason De León,Not Available
I Got Abducted by Aliens and Now I'm Trapped in a Rom-Com,Kimberly Lemming,Not Available
Ne'er Duke Well,Alexandra Vasti,Available
The Bloody Chamber and Other Stories,Angela Carter,Not Available
The Book of the City of Ladies,Christine de Pizan,Not Available
Ring Shout,P. Djèlí Clark,Not Available
The White Owl of Thicklewood Hall,M.A. Knights,Available
My Roommate Is a Vampire,Jenna Levine,Not Available
Seven Days in June,Tia Williams,Not Available
Wild Faith: How the Christian Right Is Taking Over America,Talia Lavin,Not Available
The Spare Man,Mary Robinette Kowal,Not Available
The People in the Castle: Selected Strange Stories,Joan Aiken,Not Available
Gender Queer: A Memoir,Maia Kobabe,Not Available
Love on the Brain,Ali Hazelwood,Not Available
The Archer and the Prince,Emma Steinbrecher,Available
10 Minutes 38 Seconds in This Strange World,Elif Shafak,Not Available
The Lies of Locke Lamora,Scott Lynch,Not Available
Drunk on All Your Strange New Words,Eddie Robson,Not Available
The Warrior Midwife,E.P. Bali,Available
Quag Keep,Andre Norton,Not Available
A Darker Shade of Magic,V.E. Schwab,Not Available
The Lies of the Ajungo,Moses Ose Utomi,Not Available
Divergent Mind: Thriving in a World That Wasn't Designed for You,Jenara Nerenberg,Available
Firekeeper's Daughter,Angeline Boulley,Available
Station Eleven,Emily St. John Mandel,Not Available
"Self-Therapy: A Step-By-Step Guide to Creating Inner Wholeness Using IFS, a New, Cutting-Edge Therapy",Jay Earley,Not Available
The Art of Logic in an Illogical World,Eugenia Cheng,Not Available
Daughter of the Empire,"Raymond E. Feist, Janny Wurts",Not Available
Should You Believe Wikipedia?: Online Communities and the Construction of Knowledge,Amy S Bruckman,Not Available
The Invention of the Land of Israel: From Holy Land to Homeland,Shlomo Sand,Not Available
"Sister, Maiden, Monster",Lucy A. Snyder,Not Available
The Valancourt Book of Victorian Christmas Ghost Stories,"Walter Scott, Tara Moore",Not Available
Sunshine and Spice,Aurora Palit,Not Available
In the Shadow of the Fall,Tobi Ogundiran,Not Available
Magic Bites,Ilona Andrews,Not Available
Mutual Aid: Building Solidarity During This Crisis (and the Next),Dean Spade,Not Available
The Ballad of Black Tom,Victor LaValle,Not Available
The Maid and the Crocodile,Jordan Ifueko,Not Available
"Braiding Sweetgrass: Indigenous Wisdom, Scientific Knowledge, and the Teachings of Plants",Robin Wall Kimmerer,Not Available
The Black Gryphon,"Mercedes Lackey, Larry Dixon",Not Available
"Witches, Sluts, Feminists: Conjuring the Sex Positive",Kristen J. Sollee,Not Available
The Notorious Lord Knightly,Lorraine Heath,Not Available
The Xibalba Murders,Lyn Hamilton,Not Available
Decoding Logical Fallacies: Master Critical Thinking: Overcome Common Pitfalls and Make Better Decisions,Richard L Axiom,Not Available
Captive Bride,Katharine Ashe,Not Available
It's Your Body: The Young Woman's Guide to Empowered Sexual Health,Dena Moes,Not Available
Sailing to Sarantium,Guy Gavriel Kay,Not Available
A Far Wilder Magic,Allison Saft,Not Available
Legendborn,Tracy Deonn,Not Available
The Women Could Fly,Megan Giddings,Not Available
How Fascism Works: The Politics of Us and Them,Jason Stanley,Not Available
PET,Akwaeke Emezi,Not Available
A Mind Spread Out on the Ground,Alicia Elliott,Not Available
The Immortal King Rao,Vauhini Vara,Not Available
Scattered Minds: The Origins and Healing of Attention Deficit Disorder,Gabor Maté,Not Available
"To Be Taught, If Fortunate",Becky Chambers,Not Available
Fair Play: A Game-Changing Solution for When You Have Too Much to Do (And More Life to Live),Eve Rodsky,Not Available
Watership Down,Richard Adams,Not Available
The Scoundrel Falls Hard,Sophie Jordan,Not Available
Ymir,Rich Larson,Not Available
Thistlefoot,GennaRose Nethercott,Not Available
Hamnet,Maggie O'Farrell,Not Available
Shark Heart: A Love Story,Emily Habeck,Not Available
Wings Once Cursed & Bound,Piper J. Drake,Not Available
Aisling: Breath of the New Creature,A.E. Jürgens,Not Available
There Is a Rio Grande in Heaven,Ruben Reyes Jr.,Not Available
Lysistrata,Aristophanes,Not Available
The Pisces,Melissa Broder,Not Available
Crying in H Mart,Michelle Zauner,Not Available
The Remarkable Retirement of Edna Fisher,E.M. Anderson,Not Available
New York 2140,Kim Stanley Robinson,Not Available
"Hey, Hun: Sales, Sisterhood, Supremacy, and the Other Lies Behind Multilevel Marketing",Emily Lynn Paulson,Not Available
Year of the Reaper,Makiia Lucier,Not Available
The Mists of Avalon,Marion Zimmer Bradley,Not Available
Sabriel,Garth Nix,Not Available
The Secret Service of Tea and Treason,India Holton,Not Available
All About Love: New Visions,bell hooks,Not Available
The Purpose of Power: How We Come Together When We Fall Apart,Alicia Garza,Not Available
The Only Good Indians,Stephen Graham Jones,Not Available
The Perfectionist's Guide to Losing Control: A Path to Peace and Power,Katherine Morgan Schafler,Not Available
It Happened One Fight,Maureen Lee Lenker,Not Available
"Mary Magdalene Revealed: The First Apostle, Her Feminist Gospel & the Christianity We Haven't Tried Yet",Meggan Watterson,Not Available
The Elements of Eloquence: How to Turn the Perfect English Phrase,Mark Forsyth,Not Available
The Murder of Roger Ackroyd & the Hollow Bundle,Agatha Christie,Not Available
In an Unspoken Voice: How the Body Releases Trauma and Restores Goodness,Peter A. Levine,Not Available
Inland,Téa Obreht,Not Available
She Who Became the Sun,Shelley Parker-Chan,Not Available
Family Lore,Elizabeth Acevedo,Not Available
Chlorine,Jade Song,Not Available
Nightbitch,Rachel Yoder,Not Available
Mechanic Shop Femme's Guide to Car Ownership: Uncomplicating Cars For All of Us,Chaya M. Milchtein,Not Available
X's For Eyes,Laird Barron,Not Available
The Eye of the World,Robert Jordan,Not Available
The Frugal Wizard's Handbook for Surviving Medieval England,Brandon Sanderson,Not Available
Behind the Throne,K.B. Wagers,Not Available
This World Is Not Yours,Kemi Ashing-Giwa,Not Available
Luna: Moon Rising,Ian McDonald,Not Available
Limitarianism: The Case Against Extreme Wealth,Ingrid Robeyns,Not Available
Emotional Labor: The Invisible Work Shaping Our Lives and How to Claim Our Power,Rose Hackman,Not Available
Born to Be Badger,Shelly Laurenston,Not Available
"Therapy is... Magic: An essential guide to the ups, downs and life-changing experiences of talking therapy",Jo Love,Not Available
Dawn,Octavia E. Butler,Not Available
Wake Up America: Black Women on the Future of Democracy,Keisha N. Blain,Not Available
Once Upon a Broken Heart,Stephanie Garber,Not Available
The Sisters Brothers,Patrick deWitt,Not Available
Inferno's Heir,Tiffany Wang,Not Available
The Dispossessed,Ursula K. Le Guin,Not Available
Tokyo Ueno Station,Yu Miri,Not Available
Queens of Jerusalem: The Women Who Dared to Rule,Katherine Pangonis,Not Available
Comfort Me with Apples,Catherynne M. Valente,Not Available
A Curse of Salt,Sarah Street,Not Available
A Slow Death: 83 Days of Radiation Sickness,NHK TV Crew,Not Available
Lobizona,Romina Garber,Not Available
Fablehaven,Brandon Mull,Not Available
A House with Good Bones,T. Kingfisher,Not Available
Water Shall Refuse Them,Lucie McKnight Hardy,Not Available
The Bridge Kingdom,Danielle L. Jensen,Not Available
We Have Always Lived in the Castle,Shirley Jackson,Not Available
Supper Club,Lara Williams,Not Available
Expecting Someone Taller,Tom Holt,Not Available
Social Movements: The Structure of Collective Mobilization,Paul Almeida,Not Available
Home,Nnedi Okorafor,Not Available
American Gods,Neil Gaiman,Not Available
The Free People's Village,Sim Kern,Not Available
The Singles Table,Sara Desai,Not Available
For the Love of Men: A New Vision for Mindful Masculinity,Liz Plank,Not Available
Remote Control,Nnedi Okorafor,Not Available
"A Radical Guide for Women with ADHD: Embrace Neurodiversity, Live Boldly, and Break Through Barriers","Michelle Frank, Sari Solden",Not Available
Defekt,Nino Cipri,Not Available
Devil's Bride,Stephanie Laurens,Not Available
Wuthering Heights,Emily Brontë,Not Available
The Father Christmas Letters,"J.R.R. Tolkien, Baillie Tolkien",Not Available
The Deepest Well: Healing the Long-Term Effects of Childhood Adversity,Nadine Burke Harris,Not Available
Sisters of the Lost Nation,Nick Medina,Not Available
Strongmen: Mussolini to the Present,Ruth Ben-Ghiat,Not Available
The Ghosts of Rose Hill,R.M. Romero,Not Available
Find Your Unicorn Space: Reclaim Your Creative Life in a Too-Busy World,Eve Rodsky,Not Available
"Adult Children of Emotionally Immature Parents: how to heal from distant, rejecting, or self-Involved-parents",Lindsay C. Gibson,Not Available
The Last Murder at the End of the World,Stuart Turton,Not Available
How to ADHD: An Insider's Guide to Working with Your Brain (Not Against It),Jessica McCabe,Not Available
La Vie de Guinevere,Paula Lafferty,Not Available
The Bear and the Nightingale,Katherine Arden,Not Available
Lucky Red,Claudia Cravens,Not Available
Nothing But Blackened Teeth,Cassandra Khaw,Not Available
Romancing Miss Stone,M.C. Vaughan,Not Available
The Archive Undying,Emma Mieko Candon,Not Available
Not the End of the World: How We Can Be the First Generation to Build a Sustainable Planet,Hannah Ritchie,Not Available
Birthright of Scars: Rising,Laurisa Brandt,Not Available
Scythe,Neal Shusterman,Not Available
The Bullet Swallower,Elizabeth Gonzalez James,Not Available
When We Were Birds,Ayanna Lloyd Banwo,Not Available
A Lot of People Live in This House,Bailey Merlin,Not Available
"How We Show Up: Reclaiming Family, Friendship, and Community",Mia Birdsong,Not Available
Drinks and Sinkholes,S. Usher Evans,Not Available
Things Have Gotten Worse Since We Last Spoke,Eric LaRocca,Not Available
A Land with a People: Palestinians and Jews Confront Zionism,"Rosalind Pollack Petchesky, Esther Farmer, Sarah Sills",Not Available
The Haunting of Tram Car 015,P. Djèlí Clark,Not Available
Sleepless Volume 1,Sarah Vaughn,Not Available
The Centre,Ayesha Manazir Siddiqi,Not Available
Nevada,Imogen Binnie,Not Available
Foundation,Isaac Asimov,Not Available
The Pomegranate Gate,Ariel Kaplan,Not Available
Love and Other Conspiracies,Mallory Marlowe,Not Available
Twilight of Democracy: The Seductive Lure of Authoritarianism,Anne Applebaum,Not Available
The Green Man of Eshwood Hall,Jacob Kerr,Not Available
The Great Beanie Baby Bubble: Mass Delusion and the Dark Side of Cute,Zac Bissonnette,Not Available
Temporary,Hilary Leichter,Not Available
The Mimicking of Known Successes,Malka Older,Not Available
Fortune's Pawn,Rachel Bach,Not Available
Carmilla,J. Sheridan Le Fanu,Not Available
Eragon,Christopher Paolini,Not Available
Darius the Great Is Not Okay,Adib Khorram,Not Available
How to Know a Person: The Art of Seeing Others Deeply and Being Deeply Seen,David Brooks,Not Available
And Every Morning the Way Home Gets Longer and Longer,Fredrik Backman,Not Available
Who Cooked the Last Supper?: The Women's History of the World,Rosalind Miles,Not Available
The Wedding People,Alison Espach,Not Available
I'm in Love with Mothman,Paige Lavoie,Not Available
Caressed by Ice,Nalini Singh,Not Available
Early Riser,Jasper Fforde,Not Available
The Radium Girls: The Dark Story of America's Shining Women,Kate Moore,Not Available
The History of Mr. Polly,H.G. Wells,Not Available
On Tyranny: Twenty Lessons from the Twentieth Century,Timothy Snyder,Not Available
My Best Friend's Exorcism,Grady Hendrix,Not Available
Against Technoableism: Rethinking Who Needs Improvement,Ashley Shew,Not Available
The Hall of the Mountain King,Judith Tarr,Not Available
"Bite Me, Your Grace",Brooklyn Ann,Not Available
Waking the Tiger: Healing Trauma: The Innate Capacity to Transform Overwhelming Experiences,Peter A. Levine,Not Available
Cranford,Elizabeth Gaskell,Not Available
The Name of the Wind,Patrick Rothfuss,Not Available
The Great Cosmic Mother: Rediscovering the Religion of the Earth,"Barbara Mor, Monica Sjoo",Not Available
Odd Blood,Azalea Crowley,Not Available
Fearing the Black Body: The Racial Origins of Fat Phobia,Sabrina Strings,Not Available
This Book Is Gay (Revised and Updated),Juno Dawson,Not Available
Our Share of Night: A Novel,"Mariana Enríquez, Megan McDowell",Not Available
The Secret Lives of Color,Kassia St. Clair,Not Available
Taaqtumi: An Anthology of Arctic Horror Stories,"Thomas Anguti Johnston, Cara Bryant, Gayle Kabloona, Ann R. Loverock, K.C. Carthew, Repo Kempt, Jay Bulckaert, Rachel Qitsualik-Tinsley, Aviaq Johnston, Richard Van Camp, Sean Qitsualik-Tinsley",Not Available
Check & Mate,Ali Hazelwood,Not Available
Ghost Work: How to Stop Silicon Valley from Building a New Global Underclass,"Mary L. Gray, Siddharth Suri",Not Available
The Best American Science Fiction and Fantasy 2023,"R.F. Kuang, John Joseph Adams",Not Available
The Goblin Emperor,Katherine Addison,Not Available
The Alpha of Bleake Isle,Kathryn Moon,Available
The Bible Says So: What We Get Right (and Wrong) About Scripture's Most Controversial Issues,Dan McClellan,Not Available
Snowed Inn (With a Demon),L.E. Eldridge,Available
The Mere Wife,Maria Dahvana Headley,Not Available
The End of Policing,Alex S. Vitale,Not Available
Star Splitter,Matthew J. Kirby,Not Available
The Day the World Stops Shopping: How Ending Consumerism Saves the Environment and Ourselves,J.B. MacKinnon,Not Available
Hall of Smoke,H.M. Long,Not Available
Paradise-1,David Wellington,Not Available
Bound by Treason,Eliza Tilton,Available
A Natural History of Dragons,Marie Brennan,Available
Calamity,Constance Fay,Available
Engineering Fate,Alexis B. Osborne,Available
Most Ardently,Gabe Cole Novoa,Available
The Deep,Rivers Solomon,Available
For Never & Always,Helena Greer,Not Available
The Water Outlaws,S.L. Huang,Not Available
Aicha Kandicha,Soraya Bouazzaoui,Not Available
Four Thousand Weeks: Time Management for Mortals,Oliver Burkeman,Available
Bull Moon Rising,Ruby Dixon,Not Available
The Highwayman,Kerrigan Byrne,Available
All's Well,Mona Awad,Not Available
Empire of the Vampire,Jay Kristoff,Available
On Our Best Behavior: The Seven Deadly Sins and the Price Women Pay to Be Good,Elise Loehnen,Not Available
Hogfather,Terry Pratchett,Not Available
The Fall of Roe: The Rise of a New America,"Elizabeth Dias, Lisa Lerer",Not Available
The Seven Year Slip,Ashley Poston,Not Available
Looking for Smoke,K.A. Cobell,Not Available
Hell Followed with Us,Andrew Joseph White,Not Available
A Demon's Guide to Wooing a Witch,Sarah Hawley,Not Available
The Subversive Stitch: Embroidery and the Making of the Feminine,Rozsika Parker,Not Available
Theirs to Protect,Stasia Black,Available
Exhalation,Ted Chiang,Not Available
Annihilation,Jeff VanderMeer,Not Available
The Death I Gave Him,Em X. Liu,Not Available
"Sunflowers, Scarecrows and Scandal",Erica Wynters,Not Available
A Forbidden Fate,Kaven Hirning,Available
Monstrilio,Gerardo Sámano Córdova,Not Available
The Last Wish: Introducing the Witcher,Andrzej Sapkowski,Not Available
The Gospel of Mary of Magdala,Karen L. King,Not Available
Pride and Prejudice in Space,Alexis Lampley,Not Available
"Sword Stone Table: Old Legends, New Voices","Swapna Krishna, Jenn Northington",Not Available
Harry Potter and the Sorcerer's Stone,J.K. Rowling,Not Available
Lady Susan,Jane Austen,Not Available
